sampleID	discrete	grp	CAT_cytbdloop	lat	lon
S13-1244	yes	WAC	O-24	46.914	-121.64552
S14-0173	yes	WAC	O-24	46.8912	-121.7021
S11-0539	yes	WAC	O-24	46.78626	-121.7325
S13-3088	yes	WAC	O-24	46.78142	-121.74795
S13-3092	yes	WAC	O-24	46.78017	-121.74763
S11-0715	yes	WAC	O-24	46.74963	-121.8115
S14-0310	yes	WAC	O-24	46.63697	-121.35246
S14-0178	yes	WAC	O-24	46.49043	-121.51516
S13-3246	yes	WAC	O-24	46.14729	-121.47523
S13-1028	yes	WAC	O-24	46.11318	-121.47876
S13-0896	yes	WAC	O-28	45.95502	-121.81298
S14-2332	no	ORE	G-38	45.37062	-121.65866
S13-1624	no	ORE	A-19	45.33969	-121.63381
S13-1625	no	ORE	G-38	45.32948	-121.70645
S18-7770	no	ORE	G-38	45.32837	-121.63219
S13-1356	no	ORE	G-38	45.32721	-121.67121
OR02	yes	ORC	A-19	44.45687104	-121.8416084
newS17-0877	yes	ORC	A-19	44.40124625	-121.8871863
S18-3688	yes	ORC	A-19	44.33017667	-121.862855
S18-3683	yes	ORC	A-19	44.35183167	-121.8654
S13-1198	yes	ORC	A-19	44.26926437	-121.7800272
S18-3634	yes	ORC	A-19	44.20847667	-121.8245833
S18-3642	yes	ORC	A-19	44.20098833	-121.867495
S16-0024	yes	ORC	A-19	43.999773	-121.865439
newS18-1174	yes	ORC	A-19	44.00919	-121.684988
S18-1173	yes	ORC	A-19	44.00238	-121.67344
S18-2062	yes	ORC	A-19	44.00119	-121.67221
newS17-1506	yes	ORC	A-19	44.00030958	-121.6766497
newS17-6341	yes	ORC	A-19	43.99137778	-121.5864661
new1S17-1508	yes	ORC	A-19	43.9898	-121.6563
newS17-0881	yes	ORC	A-19	43.98947	-121.56821
S17-2543	yes	ORC	A-19	43.98724	-121.64779
S17-6383	yes	ORC	A-19	43.82001	-121.9137317
OR14	yes	ORC	A-19	43.61221	-121.95463
S14-2561	yes	ORC	A-19	43.611	-122.043
OR13	yes	ORC	A-19	43.60857	-121.94629
OR12	yes	ORC	A-19	43.59593714	-122.0510557
OR11	yes	ORC	A-19	43.59402714	-122.0349543
S17-1481	yes	ORC	A-19	43.51417	-122.06527
OR07	yes	ORC	A-19	42.925255	-122.031065
OR22	yes	ORC	A-19	42.90139	-122.05014
OR17new	yes	ORC	A-19	42.89574	-122.13667
S13-2559	yes	ORC	A-19	42.86992	-122.1442
SNRF-16	yes	LAS	A-19	40.59	-121.51
SNRF-12	yes	LAS	A-19	40.55	-121.46
SNRF-18	yes	LAS	A-19	40.55	-121.51
SNRF-15	yes	LAS	A-19	40.49	-121.51
SNRF-20	yes	LAS	A-19	40.55	-121.56
SNRF-08	yes	LAS	A-19	40.52686	-121.21630999999999
SNRF-27	yes	LAS	A-19	40.50957	-121.46589
SNRF-10	yes	LAS	A-19	40.500506	-121.175092
SNRF-24	yes	LAS	A-19	40.5	-121.39
SNRF-09	yes	LAS	A-19	40.4998	-121.17312
SNRF-22	yes	LAS	A-19	40.48	-121.19
SNRF-23	yes	LAS	A-19	40.45	-121.2
SNRF-25	yes	LAS	A-19	40.437964	-121.07207
SNRF-26	yes	LAS	D-19	40.49476	-121.18202
SNRF-31	yes	LAS	A-19	40.5149	-121.4654
SNRF-28	yes	LAS	A-19	40.50133	-121.16869
SNRF-34	yes	LAS	A-19	40.47613	-121.51335
SNRF-32	yes	LAS	A-19	40.55948	-121.18678
SNRF-30	yes	LAS	A-19	40.55143	-121.20511
SNRF-38	yes	LAS	A-19	40.52814	-121.38389
SNRF-35	yes	LAS	A-19	40.49788	-121.3836
SNRF-36	yes	LAS	A-19	40.49648	-121.3857
SNRF-37	yes	LAS	A-19	40.48474	-121.49747
2011-2	yes	SN	C-34	38.352786	-119.620968
2010-8	yes	SN	C-34	38.34390013	-119.4364357
2011-1	yes	SN	C-34	38.31347101	-119.6171481
2010-7	yes	SN	C-34	38.31223307	-119.6346774
2010-6	yes	SN	C-34	38.308955	-119.6363315
2012-3	yes	SN	C-34	38.29827135	-119.6313495
2012-4	yes	SN	C-34	38.2072	-119.59853
2011-5	yes	SN	C-34	38.207012	-119.620386
2012-1	yes	SN	G-38	38.37624	-119.6311367
2012-2	yes	SN	O-24	38.29239447	-119.6381734
2013-1	yes	SN	C-34	38.34941364	-119.6310809
2013-2	yes	SN	C-34	38.36667636	-119.6599245
2013-3	yes	SN	C-34	38.34377	-119.65019
2013-4	yes	SN	C-34	38.27912727	-119.6037036
2013-5	yes	SN	C-34	38.29422351	-119.6390019
2013-6	yes	SN	C-34	38.29698	-119.63441
2013-7	yes	SN	C-34	38.29897	-119.63543
2014-1	yes	SN	A-19	38.47345353	-119.75024
2014-2	yes	SN	C-34	38.2985125	-119.6455863
2014-3	yes	SN	C-34	38.26756586	-119.6187514
2014-5	yes	SN	C-34	38.35391	-119.62495
2014-6	yes	SN	C-34	38.2975225	-119.6628357
2015-1	yes	SN	C-34	38.28801667	-119.6357229
2015-2	yes	SN	C-34	38.298225	-119.628015
2015-3	yes	SN	C-34	38.29462	-119.63739
2015-4	yes	SN	C-34	38.30753546	-119.6506798
2015-5	yes	SN	C-34	38.497261	-119.844375
2015-6	yes	SN	A-19	38.18456	-119.58197
2015-7	yes	SN	A-19	38.25232433	-119.6283728
2015-8	yes	SN	A-19	38.23483	-119.62057
2015-9	yes	SN	A-19	38.225245	-119.6278525
2016-1	yes	SN	C-34	38.296898	-119.636696
2016-2	yes	SN	C-34	38.4744675	-119.754095
2016-3	yes	SN	C-34	38.23163333	-119.5526867
2016-4	yes	SN	C-34	38.3706	-119.6095
2017-1	yes	SN	C-34	38.29848	-119.64889
2017-2	yes	SN	C-34	38.29933	-119.64907
2017-3	yes	SN	A-43	38.186795	-119.501575
2017-4	yes	SN	A-19	38.47532	-119.756215
2017-5	yes	SN	A-19	38.20514	-119.61327
2017-6	yes	SN	C-34	38.34837	-119.63823
2018-1	yes	SN	C-34	37.44077	-118.77364
2018-2	yes	SN	A-19	37.43733	-118.77095
2018-3	yes	SN	A-19	37.95359	-119.11848
S15-1250	no	ORE	A-19	46.203639	-119.003944
S13-0649	no	ORE	A-43	46.03477163	-118.4510908
S13-0650	no	ORE	A-19	46.00085706	-118.3462915
S19-0103	no	ORE	G-38	45.945	-119.334
S19-0102	no	ORE	G-38	45.94485	-119.33382
S13-2251	no	ORE	A-19	45.981003	-118.465533
S13-2252	no	ORE	A-43	45.981003	-118.465533
S13-0647	no	ORE	A-19	45.9803929	-118.39808
S13-2248	no	ORE	A-19	45.953517	-118.417025
S13-0648	no	ORE	G-38	45.9534372	-118.1485376
S13-2257	no	ORE	G-38	45.821531	-119.331481
S13-2256	no	ORE	G-38	45.821528	-119.331583
S13-2253	no	ORE	A-19	45.795231	-118.771797
S13-2254	no	ORE	A-19	45.788347	-119.238272
S12-1449	no	ORE	A-19	45.78697377	-119.2350522
S13-2255	no	ORE	A-19	45.683564	-119.098531
S12-0806	no	ORE	G-38	45.6691433	-118.684018
S12-1225	no	ORE	G-38	45.70546	-121.590457
S17-1547	no	ORE	A-43	45.44722	-119.69861
S18-2067	no	ORE	G-38	44.56367	-121.16351
S11-0430	no	ORE	A-19	44.505278	-121.229167
S17-2536	no	ORE	A-19	44.36166	-121.12743
S17-2541	no	ORE	A-19	44.35685	-121.1223
S18-2048	no	ORE	G-38	44.31698	-120.85502
S18-2050	no	ORE	G-38	44.31698	-120.85502
S11-0425	no	ORE	A-19	44.30553578	-120.7060654
S11-0431	no	ORE	A-19	44.293876	-120.876503
S17-2531	no	ORE	A-19	44.28767	-121.1824
S18-2064	no	ORE	A-19	44.26844	-121.22036
S15-1566	no	ORE	A-19	44.167978	-121.347308
OR19	no	ORE	A-19	44.1675265	-121.3487985
S15-1552	no	ORE	A-19	44.16015	-121.30389
S14-1561	no	ORE	G-38	43.12808221	-121.0512019
S18-1175	no	ORE	G-38	42.15072	-120.32558
S14-1714	no	ORE	A-19	43.98878564	-117.0746983
S14-1713	no	ORE	A-19	44.41153278	-118.9910397
S12-0571	no	ORE	A-19	45.00095	-117.98096
S12-0573	no	ORE	A-19	44.97034	-117.99328
S12-0569	no	ORE	A-19	44.89925	-117.99171
S13-1169	no	ORE	A-19	44.891228	-117.81907
S13-2265	no	ORE	A-19	44.873503	-117.611039
S13-2269	no	ORE	A-19	44.873503	-117.611039
S13-2270	no	ORE	A-19	44.873503	-117.611039
S13-2271	no	ORE	A-19	44.873503	-117.611039
S13-2274	no	ORE	A-19	44.841672	-117.840672
S13-2261	no	ORE	A-19	44.839347	-117.881253
S13-2264	no	ORE	G-38	44.833111	-117.978369
S13-2263	no	ORE	A-19	44.799758	-117.812928
S11-0628	no	ORE	A-19	44.77102036	-117.8611135
S11-0627	no	ORE	A-19	44.771	-117.86111
S13-2262	no	ORE	A-19	44.74805	-117.834336
S12-0443	no	ORE	A-37	45.50121667	-118.0157067
S13-2260	no	ORE	A-19	45.453936	-118.047814
S12-0438	no	ORE	A-19	45.40817692	-118.0659186
S12-0580	no	ORE	A-19	45.40435	-118.06467
S12-0559	no	ORE	A-19	45.39584208	-118.0710526
S11-0428	no	ORE	A-19	45.30813049	-118.0733155
S11-0426	no	ORE	A-19	45.30289366	-118.0692626
S11-0427	no	ORE	A-19	45.29879192	-118.112308
S13-2259	no	ORE	A-19	45.248464	-118.022964
S13-1170	no	ORE	A-19	45.58158	-117.53935
S17-2990	no	ORE	A-37	45.4964	-117.4398
S12-0575	no	ORE	A-19	45.43073	-117.43208
S12-0453	no	ORE	A-19	45.419	-117.2625
S12-0584	no	ORE	A-19	45.41433	-117.2935
S12-0585	no	ORE	A-37	45.41433	-117.2935
S17-2989	no	ORE	A-37	45.3883	-117.3359
S12-0578	no	ORE	A-19	45.34058	-117.22617
S17-6543	no	ORE	A-19	45.0886	-117.1957
S17-6545	no	ORE	A-19	44.9348	-117.1292
S14-2006	no	ID	A-19	45.18668	-113.91746
S14-2000	no	ID	A-19	45.17047	-113.87647
S14-2029	no	ID	A-65	44.96515	-116.28655
S14-2025	no	ID	A-19	44.10232	-115.99185
S14-1995	no	ID	A-37	44.09865	-115.97203
S14-1994	no	ID	A-65	44.08933	-115.95796
S14-1993	no	ID	A-37	44.07474	-115.95109
S14-2004	no	ID	A-19	43.82329	-115.82187
S14-2033	no	ID	A-43	43.82096	-115.8414
S14-2016	no	ID	G-38	44.07765	-111.43408
S14-2015	no	ID	A-19	44.07404	-111.45939
S14-2008	no	ID	A-19	42.87895	-115.79757
S14-2037	no	ID	A-19	43.8735	-116.47563
S14-2005	no	ID	A-19	43.86265	-116.52321
S14-2009	no	ID	A-43	43.96606	-111.68306
S14-1996	no	ID	A-19	42.88505	-115.80646
S14-1998	no	ID	A-19	43.79044	-116.95158
S14-2021	no	ID	A-19	43.77565	-116.9308
S14-2038	no	ID	A-19	43.70789	-116.61009
S14-2010	no	ID	A-19	43.70459	-116.6407
S14-2003	no	ID	A-19	43.67576	-116.9113
S14-2031	no	ID	A-43	43.6124	-115.25359
S14-2028	no	ID	A-19	43.6091	-115.25475
S14-2013	no	ID	A-19	43.60782	-115.25513
S14-2024	no	ID	A-43	43.60671	-115.26061
S14-2023	no	ID	A-43	43.60455	-115.26408
S14-2027	no	ID	A-19	43.48326	-115.31094
S14-2017	no	ID	A-43	43.30114	-115.05255
S14-2018	no	ID	A-43	43.29837	-115.05114
S14-1999	no	ID	A-37	43.16546	-115.70222
S14-2035	no	ID	A-19	43.14346	-115.72539
S14-2007	no	ID	A-19	43.13935	-115.65949
S14-2011	no	ID	G-38	43.04986	-114.15577
S14-2019	no	ID	A-43	42.95406	-115.29622
S14-1997	no	ID	A-82	42.94597	-115.46563
S14-2012	no	ID	A-19	43.60649	-116.3958
S14-2020	no	ID	A-43	43.51473	-116.42043
S14-2026	no	ID	A-19	43.47623	-116.41812
S14-0118	no	ID	A3-59	43.51494	-114.80128
S14-0129	no	ID	A-19	43.47786	-114.75128
S14-0128	no	ID	A-19	43.32907	-114.71177
S14-0120	no	ID	A-19	43.25195	-114.66945
S14-2014	no	ID	G-38	43.04883	-114.15315
S14-2036	no	ID	A-19	42.81597	-114.89774
S14-2022	no	ID	A-19	42.61023	-114.21354
S14-2030	no	ID	A-19	42.60083	-114.2068
S14-2002	no	ID	A-280	42.60787	-114.51296
S14-2001	no	ID	A-37	42.5249	-114.43992
S13-3307	no	NV	A-19	41.939	-115.906
S14-0127	no	NV	A-19	41.81812	-116.00616
S14-0643	no	NV	A-19	41.81701	-115.97773
S13-3302	no	NV	A-19	41.816	-116.074
S13-3306	no	NV	A-19	41.812	-116.074
S13-3295	no	NV	G-38	41.81	-116.026
S13-3310	no	NV	G-38	41.809	-116.025
S13-3311	no	NV	G-38	41.807	-116.023
S10-0239	no	NV	A-43	41.67752768	-116.0980225
S10-0238	no	NV	A-43	41.67752768	-116.0980225
S13-3300	no	NV	A-19	41.41944	-115.98582
S13-3305	no	NV	A-19	41.41944	-115.9858
S13-3304	no	NV	A-19	41.40966	-115.98622
S13-3303	no	NV	G-38	41.4012	-115.94131
S13-3301	no	NV	G-38	41.38537	-115.92958
S13-3315	no	NV	O-24	41.30478	-115.96873
S16-2553	no	NV	A-43	41.30105	-115.932
S13-3316	no	NV	A-19	41.30029	-115.97104
S13-3314	no	NV	O-24	41.29655	-115.97961
S11-0400	no	NV	A-43	41.16	-116
S14-0641	no	NV	A-19	40.83933	-115.77657
S14-0125	no	NV	A-19	40.73901	-115.45293
S14-0642	no	NV	G-38	41.07005	-115.06906
S14-0640	no	NV	G-38	41.03008	-115.1944
S13-3312	no	NV	A-19	40.987	-115.209
S15-1641	no	NV	G-38	41.0426	-115.08733
S15-1640	no	NV	G-38	41.04229	-115.08721
S15-1639	no	NV	G-38	41.04162	-115.08686
S15-1638	no	NV	G-38	41.03921	-115.08582
S15-1636	no	NV	G-38	41.03428	-115.09193
S15-1242	no	NV	G-38	41.03335	-115.09057
S15-1635	no	NV	G-38	41.0328	-115.08953
S15-1245	no	NV	G-38	41.03074	-115.0832
S15-1644	no	NV	G-38	41.02505	-115.08945
S15-1645	no	NV	G-38	41.02505	-115.08945
S15-1643	no	NV	G-38	41.02447	-115.08757
S14-0135	no	NV	A-19	40.70014	-115.5248
S14-0139	no	NV	G-38	40.58889	-115.63902
S14-0140	no	NV	A-19	40.55712	-115.5977
S14-0137	no	NV	A-19	40.55289	-115.60052
S15-1619	no	NV	A-19	40.54995	-115.40380999999999
S16-3101	no	NV	G-38	40.45368	-115.4622
S16-3098	no	NV	G-38	40.4017	-115.52313
S16-3105	no	NV	A-19	40.3382	-115.50089
S14-0645	no	NV	G-38	38.95295	-116.51427
S16-3744	no	NV	A-19	39.8536	-114.66039
S15-2193	no	NV	G-38	39.27467	-114.19089
S16-2644	no	NV	A-19	38.95256	-114.2617
S15-2198	no	NV	A-19	38.91791	-114.30562
S15-1327	no	NV	A-19	38.8909	-114.29842
S15-1096	no	NV	A-19	38.88637	-114.29952
S15-1328	no	NV	A-19	38.8768	-114.28783
S16-3750	no	NV	A-19	38.849	-114.2234
S16-1660	no	NV	A-19	40.7702	-120.34154
S16-2568	no	UT	A-19	40.62443	-110.89113
S16-2569	no	UT	A-19	40.62443	-110.89113
S16-2571	no	UT	A-19	40.45788	-111.38008
S11-0377	no	UT	A-19	40.42	-111.2
S11-0396	no	UT	A-19	40.41	-111.16
S11-0402	no	UT	A-19	40.41	-111.24
S11-0382	no	UT	A-19	40.39	-111.26
S11-0391	no	UT	A-278	40.39	-111.24
S11-0376	no	UT	A-278	40.38	-111.19
S11-0378	no	UT	A-278	40.38	-111.25
S11-0386	no	UT	A-19	40.38	-111.2
S11-0392	no	UT	A-278	40.38	-111.25
S11-0401	no	UT	A-19	40.38	-111.18
S11-0385	no	UT	A-19	40.37	-111.25
S11-0380	no	UT	A-19	40.36	-111.22
S11-0388	no	UT	A-19	40.36	-111.22
S11-0395	no	UT	A-19	40.35	-111.25
S11-0387	no	UT	A-19	40.34	-111.26
S11-0389	no	UT	A-19	40.32	-111.25
S11-0390	no	UT	A-19	40.32	-111.25
S11-0398	no	UT	A-19	40.32	-111.22
S16-2562	no	UT	A-19	40.30184	-111.2576
S16-2577	no	UT	A-19	40.30184	-111.2576
S16-2560	no	UT	A-19	40.24331	-111.17855
S16-2566	no	UT	A-19	40.24331	-111.17855
S16-2573	no	UT	A-19	40.24331	-111.17855
S16-2580	no	UT	A-19	40.24331	-111.17855
S16-2572	no	UT	A-19	40.24313	-111.14998
S16-2576	no	UT	A-19	40.23602	-111.18349
S16-2561	no	UT	A-19	40.23303	-111.18931
S16-2558	no	UT	A-19	40.20951	-111.2078
S16-2570	no	UT	A-19	40.20951	-111.2078
S16-2574	no	UT	A-278	40.18841	-111.03708
S16-2575	no	UT	A-19	40.18241	-111.61149
S16-2563	no	UT	A-19	40.17834	-111.15555
S11-0418	no	UT	F-9	41.14921	-111.9224
S11-0420	no	UT	F-9	41.14702	-111.9241
S11-0416	no	UT	F-9	41.14471	-111.9236
S11-0417	no	UT	F-9	41.14464	-111.9264
S11-0409	no	UT	F-9	41.14407	-111.9252
S11-0408	no	UT	F-9	41.14126	-111.9266
S11-0404	no	UT	A-19	41.14012	-111.9331
S11-0414	no	UT	F-9	41.13889	-111.9358
S11-0419	no	UT	F-9	41.1369	-111.9339
S11-0415	no	UT	F-9	41.132	-111.9246
S11-0422	no	UT	F-9	40.355	-109.781
S11-0421	no	UT	F-9	40.1794	-109.683
S11-0413	no	UT	A-19	40.17332	-110.4093
S11-0405	no	UT	F-9	40.1702	-110.4082
S11-0412	no	UT	F-9	40.16655	-110.4137
S11-0407	no	UT	F-9	40.16626	-110.41383
S11-0410	no	UT	F-9	40.16379	-110.4099
S11-0411	no	UT	F-9	40.15837	-110.4044
S11-0403	no	UT	F-9	40.15822	-110.41335
S15-1092	no	UT	A-19	38.93724	-114.02938
S15-1338	no	UT	A-43	38.93724	-114.02938
S15-0713	no	UT	A-19	38.93717662	-114.0293769
S09-0056	no	CO	A-271	38.56082219	-106.9400141
S12-1179	no	CO	A-271	38.55756	-106.92014
S12-1180	no	CO	A-271	38.55756	-106.92014
S12-1181	no	CO	A-271	38.53815	-106.94657
S19-4931	no	GYE	G-38	44.11814403	-110.7776788
S19-4918	no	GYE	A3-59	44.10118165	-110.6665823
S19-4929	no	GYE	A-43	43.97809544	-110.657397
S19-4922	no	GYE	A-43	43.9089857	-110.643285
S19-4901	no	GYE	A-19	43.90835793	-110.6469875
S19-4919	no	GYE	A-43	43.90802757	-110.6478861
S19-4920	no	GYE	A-43	43.90318717	-110.6403559
S19-4903	no	GYE	A-43	43.87920896	-110.5720134
S19-4913	no	GYE	N-277	43.87912	-110.5723003
S19-4926	no	GYE	A-19	43.86658274	-110.5501259
S19-4916	no	GYE	A3-59	43.86625784	-110.5476518
S19-4915	no	GYE	A-43	43.8647018	-110.5390394
S19-4907	no	GYE	A-43	43.85683993	-110.5881253
S19-4896	no	GYE	N-277	43.84212369	-110.6126958
S19-4899	no	GYE	A3-59	43.84212369	-110.6126958
S19-4927	no	GYE	A-19	43.83812496	-110.4948242
S19-4924	no	GYE	A-43	43.75819707	-110.5839329
S19-4928	no	GYE	A-43	43.75433372	-110.5988533
S19-4890	no	GYE	A-43	43.75398067	-110.6248044
S19-4925	no	GYE	A-19	43.72802101	-110.6499108
S19-4923	no	GYE	G-38	43.69907753	-110.7237591
S19-4906	no	GYE	G-38	43.68418397	-110.6337138
S19-4914	no	GYE	G-38	43.67706453	-110.7244928
S19-4905	no	GYE	N-277	43.66911915	-110.5985282
S19-4894	no	GYE	N-277	43.66886849	-110.5963839
S19-4895	no	GYE	A-43	43.66886849	-110.5963839
S19-4921	no	GYE	G-38	43.66306539	-110.6968737
S19-4900	no	GYE	G-38	43.6619821	-110.6924514
S19-4891	no	GYE	N-277	43.65741279	-110.7187663
S19-4888	no	GYE	A-19	43.65470557	-110.7163359
S19-4909	no	GYE	A-19	43.65470557	-110.7163359
S19-4892	no	GYE	A-19	43.65468765	-110.7163732
S19-4911	no	GYE	N-277	43.65119535	-110.7280088
S19-4917	no	GYE	A-19	43.54196599	-110.7356425
S19-4930	no	GYE	A-43	43.53876203	-110.7363125
S14-1644	no	GYE	A-43	44.938997	-109.543506
S14-1650	no	GYE	A-43	44.938997	-109.543506
S14-1655	no	GYE	A3-59	44.938997	-109.543506
S14-1668	no	GYE	A-43	44.938997	-109.543506
S14-1649	no	GYE	A3-59	44.938519	-109.614531
S14-1656	no	GYE	A3-59	44.938519	-109.614531
S14-1661	no	GYE	A3-59	44.938519	-109.614531
S14-1662	no	GYE	A3-59	44.938519	-109.614531
S14-1663	no	GYE	A-43	44.938519	-109.614531
S14-1648	no	GYE	A3-59	44.951352	-110.07732
S14-1646	no	GYE	A3-59	44.918609	-110.105523
S14-1667	no	GYE	A3-59	44.907765	-110.28312
S14-1647	no	GYE	A3-59	44.895594	-110.254499
S14-1659	no	GYE	A3-59	44.895594	-110.254499
S14-1669	no	GYE	A-19	44.895594	-110.254499
S14-1654	no	GYE	A-43	44.890337	-110.153813
S14-1653	no	GYE	A3-59	44.881141	-110.171041
S14-1665	no	GYE	A3-276	44.870676	-110.205581
S14-1645	no	GYE	A-43	44.688206	-109.622935
S14-1660	no	GYE	A-43	45.652951	-110.617172
S14-1664	no	GYE	O-24	45.59407	-109.2965
S14-1651	no	GYE	F-9	45.430905	-110.637838
S14-1657	no	GYE	N-277	45.296818	-108.912481
S14-1652	no	GYE	N-277	45.022415	-109.056277
S08-0301	yes	SV	F-12	40.366689	-122.2850418
S09-0268	yes	SV	D-19	40.34382933	-122.3546076
S09-0779	yes	SV	D-19	40.33557269	-122.3645264
S07-0166	yes	SV	D2-19	40.084507	-122.229595
S09-0375	yes	SV	D-19	40.06759548	-122.1748781
S08-0763	yes	SV	D-19	39.97659392	-122.202301
S09-0255	yes	SV	D-19	39.87105434	-122.1724212
S09-0256	yes	SV	D-19	39.87105434	-122.1724212
S09-0614	yes	SV	D-19	39.78942	-122.22993
S09-0357	yes	SV	D-19	39.57625	-122.093139
S09-0111	yes	SV	D-19	39.56966371	-122.0830715
S09-0392	yes	SV	D-19	39.55426541	-122.0840063
S09-0486	yes	SV	D-19	39.55365878	-122.1368551
S09-0273	yes	SV	D-19	39.5461913	-122.165
S09-0102	yes	SV	D-19	39.53396806	-122.1897697
S09-0155	yes	SV	D-19	39.23251908	-121.679292
S09-0034	yes	SV	D-19	39.15708661	-121.7649078
S09-0761	yes	SV	D-19	39.14999819	-122.1644711
S09-0798	yes	SV	D-19	39.13866798	-122.1457373
S09-0325	yes	SV	D-19	39.071803	-121.88943
S09-0221	yes	SV	D-19	39.07046243	-121.8843734
S09-0202	yes	SV	D-19	38.92589956	-122.0611913
S09-0166	yes	SV	D-19	38.84660158	-121.7279685
S08-0085	yes	SV	D-19	38.81501756	-121.9364619
S08-0086	yes	SV	D-19	38.81501756	-121.9364619
S09-0126	yes	SV	D-19	38.81501756	-121.9364619
S08-0079	yes	SV	D-19	38.80584646	-121.7007279
S08-0026	yes	SV	D-19	38.74477045	-121.78496
S08-0366	yes	SV	D-19	38.70081308	-121.9074458
S08-0277	yes	SV	D-19	38.68331553	-122.0277107
S08-0112	yes	SV	D-19	38.6779162	-121.8393888
S07-0168	yes	SV	D-19	38.677	-121.83
S08-0084	yes	SV	D-19	38.67140938	-121.8706834
S09-0595	yes	SV	D-19	38.67140938	-121.8706834
S07-0056	yes	SV	D-19	38.67	-121.78
S08-0255	yes	SV	D-19	38.66405867	-121.8599867
S08-0256	yes	SV	D-19	38.66405867	-121.8599867
S08-0752	yes	SV	D-19	38.64158997	-121.7758656
S08-0003	yes	SV	D-19	38.57881349	-121.8405905
S09-0042	yes	SV	D-19	38.54310206	-121.6971521
S09-0512	yes	SV	D-19	38.5430692	-121.6962263
S08-0248	yes	SV	D-19	38.53901881	-121.7126048
S08-0325	yes	SV	D-19	38.53878383	-121.711725
S08-0199	yes	SV	D-19	38.537355	-121.715386
S08-0765	yes	SV	D-19	38.49339704	-122.0028287
S07-0189	yes	SV	D-19	38.449845	-121.853452
S09-0024	yes	SV	D-19	38.44930922	-121.8053745
S07-0171	yes	SV	D-19	38.439477	-121.836475
S08-0162	yes	SV	D-19	38.42856357	-121.9518471
S09-0422	yes	SV	D-19	38.42014147	-121.9668674
S09-0498	yes	SV	D-19	38.42014147	-121.9668674
S09-0272	yes	SV	D-19	38.41949	-121.96351
S09-0282	yes	SV	D-19	38.41908654	-121.8162829
S09-0261	yes	SV	D-19	40.35314665	-122.3436159
S08-0230	yes	CANN	D-19	38.66348063	-121.4807653
MAM2705	yes	CANN	F-14	38.52	-121.48
MAM-2703	yes	CANN	F-14	38.52	-121.5
MAM2706	yes	CANN	F-14	38.5	-121.48
MAM-2704	yes	CANN	F-14	38.5	-121.5
S10-0513	yes	CANN	F-12	38.49805	-121.44683
MAM-1938	yes	CANN	N-7	38.47	-121.24
S08-0241	yes	CANN	G-38	38.45122074	-121.1818486
MAM-1937	yes	CANN	N-7	38.41	-121.36
S09-0280	yes	CANN	F-12	38.38688057	-121.2238741
S08-0455	yes	CANN	G-38	38.3474	-120.77312
S09-0789	yes	CANN	G-38	38.33303321	-121.1567904
S14-0842	yes	CANN	G-38	38.222529	-121.147442
S09-0158	yes	CANN	F-14	38.14254497	-121.867719
S09-0279	yes	CANN	D-19	38.1333	-121.83759
S12-0285	yes	CANN	F-14	38.13139473	-121.8679286
S12-0286	yes	CANN	F-14	38.13139473	-121.8679286
S07-0169	yes	CANN	D-19	38.12186	-121.83563
S14-0843	yes	CANN	N-7	38.056724	-121.303139
REJ-1624	yes	CANN	F-12	37.95	-121.29
S15-0033	yes	CANN	G-38	38.23501944	-120.5384528
EV37	yes	CANN	N-7	36.965	-120.03
S13-2580	yes	CANN	N-7	36.604	-120.579
ESRP-5954	yes	CANN	E-9	35.53872028	-119.1861267
S14-0879	yes	CANN	E-9	35.470732	-119.261141
ESRP-R005	yes	CANN	E-9	35.46182	-119.03508
V01-0197	yes	CANN	E-9	35.45896396	-118.9737184
S14-0851	yes	CANN	N-7	35.426262	-119.127588
MAM-2793	yes	CANN	E-9	35.40770235	-119.0127533
ESRP-R004	yes	CANN	E-9	35.3749449	-118.986808
S14-0848	yes	CANN	E-9	35.367738	-118.953781
ESRP-R008	yes	CANN	E-9	35.35963939	-118.9867369
S14-0845	yes	CANN	E-9	35.355438	-119.055748
S14-0844	yes	CANN	E-9	35.333015	-118.99498
V02-1003	yes	CANN	E-9	35.32282357	-119.004249
S14-0863	yes	CANN	E-9	35.315683	-119.092355
ESRP-R009	yes	CANN	E-9	35.30185977	-119.0237978
ESRP-R006	yes	CANN	E-9	35.07826089	-119.0240419
ESRP-R007	yes	CANN	E-9	35.01071291	-118.9789547
FRE	yes	CANN	G-38	37.79	-122.46
VVBNS184	yes	CANN	N-7	37.61	-122.13
VVBNS181	yes	CANN	N-7	37.61	-122.13
S14-0852	yes	CANN	N-7	37.49283	-122.004805
S14-0854	yes	CANN	N-7	37.484657	-121.978025
S14-0838	yes	CANN	F-9	37.434513	-122.067547
MAM3674	yes	CANN	O-26	37.48867	-122.4573
MAM3675	yes	CANN	G-38	37.47996	-122.44855
S14-0853	yes	CANN	N-7	37.477101	-122.449708
S14-0857	yes	CANN	G-38	37.473764	-122.448335
MAM3676	yes	CANN	G-38	37.47246	-122.44838
S14-0858	yes	CANN	O-26	37.469949	-122.447047
S14-0859	yes	CANN	O-26	37.468309	-122.446661
MAM3678	yes	CANN	O-26	37.4602	-122.4458
MAM3686	yes	CANN	G-38	37.45093	-122.4446
MAM3687	yes	CANN	G-38	37.44167	-122.44306
MAM3688	yes	CANN	O-26	37.42858	-122.43911
VVBNS190	yes	CANN	G-38	37.46	-122.04
S14-0861	yes	CANN	N-7	37.44481	-122.099433
S14-0856	yes	CANN	N-7	37.43997	-121.959872
VVBNS129	yes	CANN	F-12	37.435	-122.068
VVBNS143	yes	CANN	F-12	37.43	-122.072
S14-0872	yes	CANN	N-7	37.426136	-122.059178
S14-0855	yes	CANN	N-7	37.421499	-122.022185
S14-0880	yes	CANN	G-38	36.886751	-121.766109
S10-0563	yes	CANN	G-38	36.85	-121.809722
S14-0870	yes	CANN	G-38	36.848715	-121.807051
S14-0871	yes	CANN	F-12	36.847753	-121.808081
S14-0846	yes	CANN	G-38	36.845825	-121.805935
S14-0847	yes	CANN	G-38	36.844726	-121.804905
S14-0860	yes	CANN	G-38	36.826733	-121.798639
S14-0883	yes	CANN	G-38	36.826733	-121.798639
S10-0562	yes	CANN	O-26	36.818275	-121.782331
S14-0876	yes	CANN	G-38	36.817839	-121.779692
S14-0873	yes	CANN	G-38	36.815052	-121.79143
S14-0874	yes	CANN	G-38	36.815052	-121.79143
S14-0875	yes	CANN	G-38	36.804607	-121.787481
VVBNS132	yes	CANN	G-38	36.79	-121.79
VVBNS137	yes	CANN	G-38	36.79	-121.79
MAM2748	yes	CANN	G-38	36.79	-121.79
S14-0868	yes	CANN	G-38	36.783983	-121.792545
S14-0840	yes	CANN	G-38	36.783158	-121.794949
S14-0877	yes	CANN	G-38	36.758682	-121.802158
S14-0887	yes	CANN	G-38	36.758682	-121.802158
VVBNS146	yes	CANN	G-38	36.75	-121.75
S14-0839	yes	CANN	G-38	36.590437	-121.878719
S14-0862	yes	CANN	G-38	36.228203	-121.059895
MAM2708	yes	CANN	G-38	35.53	-120.66
MAM2795	yes	CANN	G-38	35.48048	-120.67211
S14-0881	yes	CANN	G-38	35.397148	-120.866261
S14-0888	yes	CANN	G-38	35.381474	-120.863857
S14-0882	yes	CANN	G-38	35.366077	-120.851498
MAM2736	yes	CANN	G-38	35.35585	-120.84189
MAM2745	yes	CANN	G-38	35.34913	-120.82953
MAM2802	yes	CANN	G-38	35.33793	-120.81785
SB5	yes	CANN	K-36	34.43	-119.82
SB6	yes	CANN	K-36	34.43	-119.77
S14-0865	yes	CANN	K-36	34.4216	-119.817924
S14-0867	yes	CANN	K-36	34.408571	-119.752007
S14-0850	yes	CANN	K-36	34.401773	-119.699821
S14-0866	yes	CANN	K-36	34.401773	-119.73484
S14-0864	yes	CANN	K-36	34.400073	-119.716301
LA1	yes	CANN	F-12	33.75	-118.37
LA5	yes	CANN	F-12	33.715	-118.2941
S08-0013	yes	CANN	G-38	38.44175789	-122.7159119
S08-0019	yes	CANN	G-38	38.24303386	-122.6293945
S08-0253	yes	CANN	G-38	38.22791752	-122.6059279
ESRP-R003	yes	CANN	E-9	35.42865	-119.03708
VVBNS141	yes	CANN	F-12	37.52	-122.22
VVBNS158	yes	CANN	F-12	37.45	-122.125
EV28	yes	CANN	F-12	37.435	-122.068
V03-0603	yes	CANN	F-12	36.79	-121.79
V04-0931	yes	CANN	F-12	37.56	-122.06
S10-0568	yes	CANN	F-12	38.265591	-121.311722
S09-0274	yes	CANN	F-12	38.00486505	-122.1572971
MAM-2705	yes	CANN	F-14	38.52	-121.48
VVBNS135	yes	CANN	G-38	36.79	-121.79
VVBNS133	yes	CANN	G-38	36.79	-121.79
EV14	yes	CANN	G-38	35.428	-120.867
EV32	yes	CANN	G-38	37.466	-122.447
V03-0044	yes	CANN	G-38	37.465	-122.447
V03-0948	yes	CANN	G-38	36.794	-121.785
V03-1269	yes	CANN	G-38	37.465	-122.447
MAM-2114	yes	CANN	G-38	35.53	-120.66
V04-0106	yes	CANN	G-38	36.832	-121.8
V04-0292	yes	CANN	G-38	36.801	-121.76
V04-0294	yes	CANN	G-38	36.832	-121.8
V04-0296	yes	CANN	G-38	36.794	-121.785
MAM-2708	yes	CANN	G-38	35.53	-120.66
MAM-2709	yes	CANN	G-38	35.53	-120.66
MAM-2749	yes	CANN	G-38	36.79	-121.79
S08-0032	yes	SV	G-38	38.9992	-121.34962
2_17	no	CO	G-38	39.6471702	-105.32344
S14-0869	yes	CANN	G-38	36.826733	-121.798639
S11-0004	yes	CANN	G-38	38.27395	-121.93055
S13-3296	no	NV	G-38	41.29787	-115.95122
S14-0143	no	NV	G-38	40.55894	-115.59123
S10-0561	yes	CANN	G-38	36.811129	-121.76877
VVBNS168	yes	CANN	G-38	36.8	-121.75
EV31	yes	CANN	N-7	37.467	-122.447
EV38	yes	CANN	N-7	36.96	-120.03
V04-0933	yes	CANN	N-7	37.62	-122.16
S10-0565	yes	CANN	N-7	35.313001	-120.858707
1_14	no	CO	A-19	39.22270593	-106.3903612
1_15	no	CO	A-19	39.22270593	-106.3903612
S12-1176	no	CO	A-272	38.55757	-106.92015
S14-1666	no	GYE	A-43	44.86628	-110.216478
S09-0367	yes	SV	D-19	38.41654371	-121.817404
S09-0608	yes	SV	D-19	38.80831282	-121.9399166
S09-0752	yes	SV	D-19	38.75905854	-121.9497728
S09-0776	yes	SV	D-19	38.57653211	-121.8698938
S09-0805	yes	SV	D-19	38.54350555	-121.7684448
S09-0809	yes	SV	D-19	39.76204227	-122.2348058
S09-0811	yes	SV	D-19	38.82770077	-121.7186111
S09-0816	yes	SV	D-19	38.5833872	-121.8653905
S10-0166	yes	SV	D-19	38.76058675	-122.0545363
S10-0170	yes	SV	D-19	39.582417	-122.04
S10-0188	yes	SV	D-19	38.76058675	-122.0545363
S10-0666	yes	SV	D-19	38.70211228	-121.9040369
S16-1953	yes	SV	D-19	38.55662	-121.83872
S16-1954	yes	SV	D-19	38.55662	-121.83872
S08-0202	yes	CANN	D-19	38.43482	-121.8375
S08-0254	yes	SV	D-19	38.66405867	-121.8599867
S08-0511	yes	SV	D-19	38.68740802	-121.7516799
S08-0534	yes	SV	D-19	38.54307199	-121.6961038
S13-1640	yes	WAC	O-24	46.7816	-121.74772
S13-3247	yes	WAC	O-24	46.14816	-121.46287
EV33	yes	CANN	O-26	37.465	-122.447
DAMIEN	yes	CANN	O-26	37.79	-122.46
S14-0849	yes	CANN	K-36	34.404606	-119.696388
